INSERT INTO users (id, username, email, password_digest) 
VALUES
    (1,'John Adams','john@gmail.com','xxxx'),
    (2,'Douglas Parker','douglas@gmail.com','xxxx');

INSERT INTO habits  (id, habit_name) 
VALUES
    (1, 'Drink Water'),
    (2, 'Exercise'),
    (3, 'Take a break'),
    (4, 'Wake up early'),
    (5, 'Meditate');

INSERT INTO habit_plans  (id, user_id, habit_id, begin_date,
    end_date, frequency ) 
VALUES
    (1, 1, 1, '2022-01-10','2099-01-01', 2),
    (2, 1, 2, '2022-01-10','2099-01-01', 2),
    (3, 1, 3, '2022-01-10','2099-01-01', 2),
    (4, 2, 4, '2022-01-10','2099-01-01', 1),
    (5, 2, 5, '2022-01-10','2099-01-01', 3);

INSERT INTO habit_facts (id, hplan_id, hfact_timestamp) 
VALUES
    (1, 1, '2022-01-11 15:10:25-07'),
    (2, 1, '2022-01-11 19:10:25-07'),
    (3, 1, '2022-01-12 18:10:25-07'),
    (4, 1, '2022-01-12 19:10:25-07'),
    (5, 1, '2022-01-13 15:10:25-07'),
    (6, 1, '2022-01-13 19:10:25-07'),
    (7, 1, '2022-01-14 18:10:25-07'),
    (8, 1, '2022-01-14 19:10:25-07'),
    (9, 1, '2022-01-15 19:10:25-07'),
    (10, 1, '2022-01-19 15:10:25-07'),
    (11, 1, '2022-01-11 19:10:25-07'),
    (12, 1, '2022-01-12 18:10:25-07'),
    (13, 1, '2022-01-12 19:10:25-07'),
    (14, 1, '2022-01-13 15:10:25-07'),
    (15, 1, '2022-01-13 19:10:25-07'),
    (16, 1, '2022-01-14 18:10:25-07'),
    (17, 1, '2022-01-14 19:10:25-07'),
    (18, 1, '2022-01-15 19:10:25-07'),
    (19, 2, '2022-01-11 15:10:25-07'),
    (20, 2, '2022-01-11 19:10:25-07'),
    (21, 3, '2022-01-12 18:10:25-07'),
    (22, 2, '2022-01-12 19:10:25-07'),
    (23, 2, '2022-01-13 15:10:25-07'),
    (24, 3, '2022-01-13 19:10:25-07'),
    (25, 2, '2022-01-14 18:10:25-07'),
    (26, 3, '2022-01-14 19:10:25-07'),
    (27, 2, '2022-01-15 19:10:25-07'),
    (28, 3, '2022-01-19 15:10:25-07'),
    (29, 2, '2022-01-11 19:10:25-07'),
    (30, 2, '2022-01-12 18:10:25-07'),
    (31, 2, '2022-01-12 19:10:25-07'),
    (32, 3, '2022-01-13 15:10:25-07'),
    (33, 2, '2022-01-13 19:10:25-07'),
    (34, 2, '2022-01-14 18:10:25-07'),
    (35, 3, '2022-01-14 19:10:25-07'),
    (36, 2, '2022-01-15 19:10:25-07');

